"Statut","Fichier","Ligne","Lien"
"❌ À CORRIGER","pc\labo-maths.html","91","index.html"
"❌ À CORRIGER","pc\labo-maths.html","100","index.html"
"❌ À CORRIGER","pc\labo-maths.html","110","historique.html"
"❌ À CORRIGER","pc\labo-maths.html","111","actualites.html"
"❌ À CORRIGER","pc\labo-maths.html","120","identification.html"
"✅ OK","pc\labo-pc.html","329","../index.html"
"✅ OK","pc\labo-pc.html","338","../index.html"
"❌ À CORRIGER","pc\labo-pc.html","348","historique.html"
"❌ À CORRIGER","pc\labo-pc.html","349","actualites.html"
"❌ À CORRIGER","pc\labo-pc.html","356","identification.html"
"❌ À CORRIGER","pc\labo-svt.html","91","index.html"
"❌ À CORRIGER","pc\labo-svt.html","100","index.html"
"❌ À CORRIGER","pc\labo-svt.html","110","historique.html"
"❌ À CORRIGER","pc\labo-svt.html","111","actualites.html"
"❌ À CORRIGER","pc\labo-svt.html","120","identification.html"
"✅ OK","pc\profil-eleve.html","210","../index.html"
"✅ OK","pc\profil-eleve.html","219","../index.html"
"❌ À CORRIGER","pc\profil-eleve.html","228","historique.html"
"❌ À CORRIGER","pc\profil-eleve.html","229","actualites.html"
"❌ À CORRIGER","pc\profil-eleve.html","232","identification.html"
"✅ OK","pc\publier-annonce.html","493","../index.html"
"✅ OK","pc\publier-annonce.html","502","../index.html"
"❌ À CORRIGER","pc\publier-annonce.html","511","historique.html"
"❌ À CORRIGER","pc\publier-annonce.html","512","actualites.html"
"❌ À CORRIGER","pc\publier-annonce.html","516","identification.html"
"❌ À CORRIGER","pc\publier-annonce.html","731","identification.html"
"✅ OK","pc\publier-annonce.html","752","../index.html"
"✅ OK","pc\ressources.html","161","../index.html"
"✅ OK","pc\ressources.html","170","../index.html"
"❌ À CORRIGER","pc\ressources.html","180","historique.html"
"❌ À CORRIGER","pc\ressources.html","181","actualites.html"
"❌ À CORRIGER","pc\ressources.html","200","autres.html"
"❌ À CORRIGER","pc\ressources.html","205","identification.html"
"❌ À CORRIGER","pc\ressources.html","552","identification.html"
"❌ À CORRIGER","pc\ressources.html","554","inscription.html"
"❌ À CORRIGER","pc\ressources.html","711","actualites.html"
"✅ OK","pc\simulateur-dosage.html","298","../index.html"
"✅ OK","pc\simulateur-dosage.html","307","../index.html"
"❌ À CORRIGER","pc\simulateur-dosage.html","317","historique.html"
"❌ À CORRIGER","pc\simulateur-dosage.html","318","actualites.html"
"❌ À CORRIGER","pc\simulateur-dosage.html","325","autres.html"
"❌ À CORRIGER","pc\simulateur-dosage.html","328","identification.html"
"✅ OK","pc\simulateur-lc.html","365","../index.html"
"✅ OK","pc\simulateur-rc.html","414","../index.html"
"✅ OK","pc\simulateur-rl.html","480","../index.html"
"✅ OK","pc\simulateur-rlc-forces.html","332","../index.html"
"✅ OK","pc\simulateur-rlc.html","364","../index.html"
"✅ OK","mobile\actualites-mobile.html","149","../actualites.html?pc=1"
"✅ OK","mobile\historique-mobile.html","232","../historique.html?pc=1"
"✅ OK","mobile\index-mobile.html","256","../index.html?pc=1"
"✅ OK","mobile\labo-maths-mobile.html","56","../index.html"
"✅ OK","mobile\labo-pc-mobile.html","161","../index.html"
"✅ OK","mobile\labo-svt-mobile.html","56","../index.html"
"✅ OK","mobile\ressources-mobile.html","537","../identification.html"
"✅ OK","mobile\ressources-mobile.html","539","../inscription.html"
"✅ OK","mobile\simulateur-interferences-mobile.html","443","../index.html"
"✅ OK","mobile\simulateur-lentilles-mobile.html","204","../index.html"
