"Fichier","Action","Sauvegarde"
"service-worker.js","Cache v5 + chemins absolus","service-worker.js.bak"
"publier-annonce.html","SW corrigé (../service-worker.js)","publier-annonce.html.bak"
"simulateur-circuits-libre.html","SW corrigé (../service-worker.js)","simulateur-circuits-libre.html.bak"
"labo-maths.html","SW ajouté","labo-maths.html.bak"
"labo-pc.html","SW ajouté","labo-pc.html.bak"
"labo-svt.html","SW ajouté","labo-svt.html.bak"
"profil-eleve.html","SW ajouté","profil-eleve.html.bak"
"ressources.html","SW ajouté","ressources.html.bak"
"simulateur-dosage.html","SW ajouté","simulateur-dosage.html.bak"
"simulateur-interferences.html","SW ajouté","simulateur-interferences.html.bak"
"simulateur-lc.html","SW ajouté","simulateur-lc.html.bak"
"simulateur-lentilles.html","SW ajouté","simulateur-lentilles.html.bak"
"simulateur-rc.html","SW ajouté","simulateur-rc.html.bak"
"simulateur-rl.html","SW ajouté","simulateur-rl.html.bak"
"simulateur-rlc-forces.html","SW ajouté","simulateur-rlc-forces.html.bak"
"simulateur-rlc.html","SW ajouté","simulateur-rlc.html.bak"
